N	REQUESTED_TITLE	ID	RETROGAMES_TITLE	ROM_PATH	OUR_LINK
1	Chrono Trigger	800	Chrono Trigger	SNES/Chrono_Trigger.zip	https://midmake.github.io/retrogame/?game=800
3	Final Fantasy III	900	Final Fantasy VI	SNES/Final_Fantasy_VI_(EN).zip	https://midmake.github.io/retrogame/?game=900
4	Mega Man X	865	Mega Man X	SNES/Mega_Man_X.zip	https://midmake.github.io/retrogame/?game=865
5	Donkey Kong Country 2: Diddy's Kong Quest	785	Donkey Kong Country 2: Diddy’s Kong Quest	SNES/DKC2.zip	https://midmake.github.io/retrogame/?game=785
6	EarthBound	882	EarthBound	SNES/Earthbound.zip	https://midmake.github.io/retrogame/?game=882
7	Donkey Kong Country	289	Donkey Kong Country	SNES/Donkey_Kong_Country.zip	https://midmake.github.io/retrogame/?game=289
8	Final Fantasy II	1000	Final Fantasy IV	SNES/Final_Fantasy_IV.zip	https://midmake.github.io/retrogame/?game=1000
9	Lufia II: Rise of the Sinistrals	1614	Lufia II: Rise of the Sinistrals	SNES/Lufia_II.zip	https://midmake.github.io/retrogame/?game=1614
10	Kirby Super Star	802	Kirby Super Star	SNES/Kirby_Super_Star.zip	https://midmake.github.io/retrogame/?game=802
11	Tetris Attack	1632	Tetris Attack	SNES/Tetris_Attack.zip	https://midmake.github.io/retrogame/?game=1632
12	Mega Man X2	895	Mega Man X2	SNES/Mega_Man_X2.zip	https://midmake.github.io/retrogame/?game=895
13	Super Street Fighter II: The New Challengers	919	Super Street Fighter II: The New Challengers	SNES/Super_Street_Fighter_II.zip	https://midmake.github.io/retrogame/?game=919
14	Secret of Mana	947	Secret of Mana	SNES/Secret_of_Mana.zip	https://midmake.github.io/retrogame/?game=947
15	Teenage Mutant Ninja Turtles IV: Turtles in Time	793	Teenage Mutant Ninja Turtles IV: Turtles in Time	SNES/TMNT_4.zip	https://midmake.github.io/retrogame/?game=793
16	Super Castlevania IV	639	Super Castlevania IV	SNES/Super_Castlevania_IV.zip	https://midmake.github.io/retrogame/?game=639
17	Contra III: The Alien Wars	798	Contra III: The Alien Wars	SNES/Contra_III.zip	https://midmake.github.io/retrogame/?game=798
18	Donkey Kong Country 3: Dixie Kong's Double Trouble!	1021	Donkey Kong Country 3: Dixie Kong’s Double Trouble!	SNES/DKC3.zip	https://midmake.github.io/retrogame/?game=1021
19	Mega Man X3	933	Mega Man X3	SNES/Mega_Man_X3.zip	https://midmake.github.io/retrogame/?game=933
22	Street Fighter II Turbo: Hyper Fighting	1133	Street Fighter II Turbo: Hyper Fighting	SNES/Street_Fighter_II_Turbo.zip	https://midmake.github.io/retrogame/?game=1133
23	Demon's Crest	1008	Demon’s Crest	SNES/Demons_Crest.zip	https://midmake.github.io/retrogame/?game=1008
26	Illusion of Gaia	994	Illusion of Gaia	SNES/Illusion_of_Gaia.zip	https://midmake.github.io/retrogame/?game=994
27	Super Punch-Out!!	857	Super Punch-Out!!	SNES/Super_Punch-Out.zip	https://midmake.github.io/retrogame/?game=857
30	ActRaiser	1152	ActRaiser	SNES/ActRaiser.zip	https://midmake.github.io/retrogame/?game=1152
31	NBA Jam Tournament Edition	1743	NBA Jam Tournament Edition	SNES/NBA_Jam_TE.zip	https://midmake.github.io/retrogame/?game=1743
35	Street Fighter Alpha 2	1142	Street Fighter Alpha 2	SNES/Street_Fighter_Alpha_2.zip	https://midmake.github.io/retrogame/?game=1142
40	Secret of Evermore	1266	Secret of Evermore	SNES/Secret_of_Evermore.zip	https://midmake.github.io/retrogame/?game=1266
42	Harvest Moon	1539	Harvest Moon	SNES/Harvest_Moon.zip	https://midmake.github.io/retrogame/?game=1539
44	Super Turrican 2	1669	Super Turrican 2	SNES/Super_Turrican_2.zip	https://midmake.github.io/retrogame/?game=1669
46	Cybernator	1542	Cybernator	SNES/Cybernator.zip	https://midmake.github.io/retrogame/?game=1542
47	Lost Vikings II	773	Lost Vikings II: Norse by Norsewest	SNES/Lost_Vikings_II.zip	https://midmake.github.io/retrogame/?game=773
48	Zombies Ate My Neighbors	903	Zombies Ate My Neighbors	SNES/Zombies.zip	https://midmake.github.io/retrogame/?game=903
50	Top Gear	910	Top Gear	SNES/Top_Gear.zip	https://midmake.github.io/retrogame/?game=910
55	Final Fight 3	825	Final Fight 3	SNES/Final_Fight_3.zip	https://midmake.github.io/retrogame/?game=825
56	Star Fox	830	Star Fox	SNES/Star_Fox.zip	https://midmake.github.io/retrogame/?game=830
58	F-Zero	815	F-Zero	SNES/F-zero.zip	https://midmake.github.io/retrogame/?game=815
60	Gradius III	1452	Gradius III - The Outbreak	SNES/Gradius_III.zip	https://midmake.github.io/retrogame/?game=1452
61	Mega Man 7	904	Mega Man 7	SNES/Mega_Man_7.zip	https://midmake.github.io/retrogame/?game=904
62	Super Bomberman 2	1365	Super Bomberman 2	SNES/Super_Bomberman_2.zip	https://midmake.github.io/retrogame/?game=1365
68	Killer Instinct	875	Killer Instinct	SNES/Killer_Instinct.zip	https://midmake.github.io/retrogame/?game=875
69	The Legend of the Mystical Ninja	1320	Legend of the Mystical Ninja, The	SNES/Legend_of_Mystical_Ninja.zip	https://midmake.github.io/retrogame/?game=1320
70	The Adventures of Batman & Robin	887	Adventures of Batman & Robin, The	SNES/Batman_and_Robin.zip	https://midmake.github.io/retrogame/?game=887
75	Breath of Fire	861	Breath of Fire	SNES/Breath_of_Fire.zip	https://midmake.github.io/retrogame/?game=861
76	Saturday Night Slam Masters	1410	Saturday Night Slam Masters	SNES/SNSM.zip	https://midmake.github.io/retrogame/?game=1410
77	Axelay	1538	Axelay	SNES/Axelay.zip	https://midmake.github.io/retrogame/?game=1538
78	Top Gear 2	1211	Top Gear 2	SNES/Top_Gear_2.zip	https://midmake.github.io/retrogame/?game=1211
82	The Magical Quest Starring Mickey Mouse	1157	Magical Quest Starring Mickey Mouse, The	SNES/Magical_Quest.zip	https://midmake.github.io/retrogame/?game=1157
84	Super Bomberman	1037	Super Bomberman	SNES/Super_Bomberman.zip	https://midmake.github.io/retrogame/?game=1037
85	Uniracers	1579	Uniracers	SNES/Uniracers.zip	https://midmake.github.io/retrogame/?game=1579
86	Super Ghouls 'N Ghosts	1059	Super Ghouls ’N Ghosts	SNES/Super_Ghouls_N_Ghosts.zip	https://midmake.github.io/retrogame/?game=1059
88	Bust-A-Move	879	Bust-A-Move	SNES/Bust-A-Move.zip	https://midmake.github.io/retrogame/?game=879
89	Super Turrican	1509	Super Turrican	SNES/Super_Turrican.zip	https://midmake.github.io/retrogame/?game=1509
91	Ninja Gaiden Trilogy	1504	Ninja Gaiden Trilogy	SNES/Ninja_Gaiden_Trilogy.zip	https://midmake.github.io/retrogame/?game=1504
